,dt,o,h,l,c,v,e_dt,calculate_change_1,calculate_stdv_1_5,calculate_annualized_volatility_1,calculate_avg_volatility_1_5,calculate_change_2,calculate_stdv_2_10,calculate_annualized_volatility_2,calculate_avg_volatility_2_10
0,2024-01-01 09:15:00,1706.0,1709.15,1697.45,1698.2,978309,2024-01-01 10:14:00,,,,,,,,
1,2024-01-01 10:15:00,1698.15,1703.0,1697.55,1702.65,537799,2024-01-01 11:14:00,0.0026169943041950815,,,,0.0026169943041950815,,,
2,2024-01-01 11:15:00,1702.5,1703.6,1699.35,1703.15,475764,2024-01-01 12:14:00,0.00029361677349938083,,,,0.00029361677349938083,,,
3,2024-01-01 12:15:00,1703.15,1703.9,1700.2,1701.3,489040,2024-01-01 13:14:00,-0.0010868129548655338,,,,-0.0010868129548655338,,,
4,2024-01-01 13:15:00,1701.35,1703.6,1700.5,1702.65,1226328,2024-01-01 14:14:00,0.0007931961813660434,,,,0.0007931961813660434,,,
5,2024-01-01 14:15:00,1702.65,1706.65,1695.4,1697.05,2816394,2024-01-01 15:14:00,-0.003294411309704146,0.001975173901027598,0.031354913629345976,,-0.003294411309704146,,,
6,2024-01-01 15:15:00,1697.2,1697.9,1692.0,1692.9,594001,2024-01-01 15:29:00,-0.0024484149165498546,0.0015587433566034807,0.02474428367608128,,-0.0024484149165498546,,,
7,2024-01-02 09:15:00,1698.8,1702.75,1688.7,1692.35,3011201,2024-01-02 10:14:00,-0.00032493907678279117,0.0014608458564114618,0.0231902090391834,,-0.00032493907678279117,,,
8,2024-01-02 10:15:00,1692.55,1699.7,1690.7,1699.0,2598417,2024-01-02 11:14:00,0.003921747105510728,0.002553299901889509,0.040532379377791555,,0.003921747105510728,,,
9,2024-01-02 11:15:00,1698.75,1702.8,1695.1,1699.3,1359223,2024-01-02 12:14:00,0.0001765588681276516,0.002513522877086114,0.03990093868464857,0.03194454488141015,0.0001765588681276516,,,
10,2024-01-02 12:15:00,1699.45,1702.0,1696.4,1697.05,787914,2024-01-02 13:14:00,-0.0013249519803058413,0.002157178349178248,0.034244144673230996,0.03252239109018716,-0.0013249519803058413,0.002069288313098374,0.03284893360410395,
11,2024-01-02 13:15:00,1697.05,1698.8,1695.15,1697.85,951004,2024-01-02 14:14:00,0.0004712951867848226,0.0017770500433480691,0.02820979489209325,0.03321549333338956,0.0004712951867848226,0.0018826017132611633,0.029885375706439003,
12,2024-01-02 14:15:00,1697.85,1702.45,1694.7,1699.55,3934582,2024-01-02 15:14:00,0.0010007653746298586,0.0017196344194871972,0.02729835011946029,0.03403712154944493,0.0010007653746298586,0.0019158935054469687,0.030413866523378713,
13,2024-01-02 15:15:00,1699.55,1701.4,1696.0,1697.5,1978042,2024-01-02 15:29:00,-0.0012069296883174237,0.0009285440332176193,0.014740179559600315,0.028878681585806688,-0.0012069296883174237,0.0019217107142202787,0.03050621184981104,
14,2024-01-03 09:15:00,1702.0,1704.7,1691.0,1691.2,3583962,2024-01-03 10:14:00,-0.0037182443168780137,0.0016550037142815256,0.026272369481262683,0.026152967745129506,-0.0037182443168780137,0.002146462195313872,0.03407403100441354,
15,2024-01-03 10:15:00,1691.75,1692.65,1678.8,1683.2,2039172,2024-01-03 11:14:00,-0.004741592572582441,0.002260872811377383,0.03589024322911199,0.026482187456305706,-0.004741592572582441,0.0023566956139138132,0.03741138306175585,
16,2024-01-03 11:15:00,1683.4,1683.4,1672.0,1674.5,1964059,2024-01-03 12:14:00,-0.005182130309131496,0.002335233469977088,0.037070682089002764,0.02825436489568761,-0.005182130309131496,0.0026678111313201123,0.04235018879017738,
17,2024-01-03 12:15:00,1674.95,1676.6,1670.55,1674.75,1355375,2024-01-03 13:14:00,0.00014928715411763584,0.0020700616480111567,0.03286120991526027,0.029366936854847602,0.00014928715411763584,0.0026851980065127927,0.04262619687719548,
18,2024-01-03 13:15:00,1674.7,1677.4,1672.95,1676.6,1371138,2024-01-03 14:14:00,0.0011040328153799225,0.002596458146923017,0.04121749527807546,0.034662399998542634,0.0011040328153799225,0.00226398615341564,0.03593966600178906,
19,2024-01-03 14:15:00,1676.45,1677.3,1668.95,1672.65,2786743,2024-01-03 15:14:00,-0.0023587381242763427,0.0025224434548807495,0.04004254846702223,0.03741643579569454,-0.0023587381242763427,0.0022229796674280164,0.035288708217405616,0.035134456163646965
20,2024-01-03 15:15:00,1672.7,1675.0,1671.75,1673.2,1092778,2024-01-03 15:29:00,0.00032876548856276155,0.002309370608133994,0.03666012188522728,0.037570411526917605,0.00032876548856276155,0.002296162615304667,0.03645045149915893,0.03549460795315246
21,2024-01-04 09:15:00,1678.0,1686.7,1670.7,1686.1,5313014,2024-01-04 10:14:00,0.007680209215891547,0.003357579556470904,0.053299923081219364,0.04081625972536092,0.007680209215891547,0.003559445672133958,0.05650444832226961,0.03815651521473552
22,2024-01-04 10:15:00,1686.1,1689.0,1680.0,1687.95,1165399,2024-01-04 11:14:00,0.0010966050801809602,0.0033091246890319176,0.052530725906894414,0.04475016292368775,0.0010966050801809602,0.003564123187749758,0.05657870158070778,0.040772998720468426
23,2024-01-04 11:15:00,1687.95,1690.95,1682.05,1683.25,1394453,2024-01-04 12:14:00,-0.0027883264387254638,0.0037550148964829266,0.05960901351262063,0.04842846657059678,-0.0027883264387254638,0.0036184476081146536,0.05744107501912726,0.04346648503740005
24,2024-01-04 12:15:00,1683.4,1689.45,1682.0,1689.1,1469097,2024-01-04 13:14:00,0.003469394260909051,0.0034914756089289103,0.05542545701924223,0.05150504828104078,0.003469394260909051,0.003689109922981193,0.058562804492333295,0.045915362386192024
25,2024-01-04 13:15:00,1689.1,1689.2,1680.0,1681.5,1705070,2024-01-04 14:14:00,-0.004509590505975038,0.004368956528138367,0.06935503477383771,0.05804403085876286,-0.004509590505975038,0.0036606187504080417,0.0581105211491982,0.04798527619493626
26,2024-01-04 14:15:00,1681.55,1692.0,1681.0,1690.85,1601370,2024-01-04 15:14:00,0.005545108875404532,0.003755418312618009,0.05961541754523043,0.05930712975156508,0.005545108875404532,0.0035854657258791362,0.056917503870131274,0.049442007702931653
27,2024-01-04 15:15:00,1690.9,1694.95,1690.45,1691.85,717730,2024-01-04 15:29:00,0.0005912436983064607,0.0037464770969223957,0.05947348014633534,0.06069568059945326,0.0005912436983064607,0.003577771912163508,0.05679536836378001,0.050858924851590104
28,2024-01-05 09:15:00,1687.15,1704.9,1678.25,1684.0,4861824,2024-01-05 10:14:00,-0.004650688951763378,0.004124563591687414,0.06547541718165752,0.06186896133326064,-0.004650688951763378,0.003959734321761521,0.06285883363960802,0.053550841615372005
29,2024-01-05 10:15:00,1684.1,1684.45,1676.45,1679.05,1429092,2024-01-05 11:14:00,-0.0029437585374030226,0.003862801477612171,0.06132007244264784,0.06304788441794176,-0.0029437585374030226,0.004004723296714019,0.06357301147639215,0.05637927194127066
30,2024-01-05 11:15:00,1679.0,1679.65,1672.3,1672.45,1417507,2024-01-05 12:14:00,-0.003938540075578988,0.003770405487082649,0.059853331564164274,0.06114754377600708,-0.003938540075578988,0.004209755860518841,0.0668278025233774,0.0594170070436925
31,2024-01-05 12:15:00,1672.35,1674.0,1668.1,1668.5,2012741,2024-01-05 13:14:00,-0.0023645979978612476,0.0018075323521242934,0.028693686542547076,0.05496319757547041,-0.0023645979978612476,0.0033591015820629367,0.05332408448845293,0.059098970660310834
32,2024-01-05 13:15:00,1668.55,1674.4,1668.45,1673.35,1855513,2024-01-05 14:14:00,0.002902585935996902,0.002670020427975624,0.04238526028731448,0.051545553603666236,0.002902585935996902,0.0035145700438665344,0.05579206980832932,0.059020307483072985
33,2024-01-05 14:15:00,1673.0,1686.5,1671.65,1681.8,3534012,2024-01-05 15:14:00,0.005037043271371837,0.0035559571528815215,0.056449069795954765,0.04974028412652569,0.005037043271371837,0.003854756651152444,0.06119236478172918,0.05939543645933317
34,2024-01-05 15:15:00,1681.55,1681.8,1678.0,1679.0,815431,2024-01-05 15:29:00,-0.0016662703212566995,0.00339636603078796,0.05391563927287491,0.0482593974925711,-0.0016662703212566995,0.00368522130132187,0.05850107453721297,0.05938926346382114
35,2024-01-08 09:15:00,1678.5,1682.35,1674.15,1678.5,1979444,2024-01-08 10:14:00,-0.00029784065745115326,0.0028158675602059473,0.04470051173519481,0.04522883352677721,-0.00029784065745115326,0.0034473024725958494,0.05472423021904004,0.059050634370805336
36,2024-01-08 10:15:00,1678.5,1680.65,1672.0,1675.55,1548237,2024-01-08 11:14:00,-0.001759067849726155,0.0026907472870779823,0.04271428897518038,0.04803295401330387,-0.001759067849726155,0.0028851567658348264,0.045800443775006194,0.057938928361292816
37,2024-01-08 11:15:00,1675.2,1677.9,1669.0,1669.65,1078148,2024-01-08 12:14:00,-0.0035274459630189217,0.002925548729765202,0.04644164632415779,0.04884423122067253,-0.0035274459630189217,0.0029351414391193555,0.04659392586426027,0.056918784111340846
38,2024-01-08 12:15:00,1669.65,1672.6,1668.6,1669.15,815378,2024-01-08 13:14:00,-0.0002995088077979018,0.0011908956810175939,0.018904882856360744,0.041335393832753725,-0.0002995088077979018,0.0027242000076135122,0.04324533445047371,0.054957434192427414
39,2024-01-08 13:15:00,1669.0,1674.5,1667.3,1670.55,1017805,2024-01-08 14:14:00,0.0008383987076722005,0.001505136482322437,0.023893300928614403,0.03533092616390163,0.0008383987076722005,0.002674311130247548,0.042453373074282465,0.05284547035221645
40,2024-01-08 14:15:00,1670.55,1671.75,1660.0,1665.15,1776426,2024-01-08 15:14:00,-0.0032377040604529652,0.0016768689665980412,0.026619469601161756,0.03171471773709501,-0.0032377040604529652,0.0025913759951030307,0.04113681861903091,0.05027637196178179
41,2024-01-08 15:15:00,1665.1,1666.05,1661.15,1662.9,782730,2024-01-08 15:29:00,-0.0013521433528971855,0.0016769062180301843,0.026620060949314347,0.028495872131921805,-0.0013521433528971855,0.0025332298530141907,0.040213777229041535,0.04896534123584066
42,2024-01-09 09:15:00,1667.15,1668.65,1660.35,1666.3,2061405,2024-01-09 10:14:00,0.002042533450709009,0.0018148733621339917,0.02881022146369326,0.024969587159828905,0.002042533450709009,0.0024344858268698275,0.03864626440925406,0.04725076069593313
43,2024-01-09 10:15:00,1666.25,1677.8,1666.25,1675.05,907183,2024-01-09 11:14:00,0.005237416015332946,0.0029026311344928935,0.04607784077772884,0.030404178744102523,0.005237416015332946,0.0024797401891604094,0.039364655139424255,0.04506798973170264
44,2024-01-09 11:15:00,1674.95,1676.0,1671.0,1674.0,1051962,2024-01-09 12:14:00,-0.0006270435104901352,0.0029480647923384082,0.04679907773659622,0.03498533410569889,-0.0006270435104901352,0.0024461340792226497,0.038831174682858606,0.0431009997462672
45,2024-01-09 12:15:00,1673.95,1674.15,1669.0,1671.6,1003684,2024-01-09 13:14:00,-0.0014347204756604054,0.0025648824972502563,0.040716247378958924,0.03780468966125832,-0.0014347204756604054,0.0024697784537215566,0.03920651749183732,0.04154922847354693
46,2024-01-09 13:15:00,1671.6,1672.9,1665.85,1667.45,1366699,2024-01-09 14:14:00,-0.0024857382410370223,0.002783512774987302,0.044186895442726144,0.04131805655994068,-0.0024857382410370223,0.0025185542164176365,0.039980808720445286,0.04096726496809085
47,2024-01-09 14:15:00,1667.35,1667.45,1646.75,1651.8,5313691,2024-01-09 15:14:00,-0.009429910956106683,0.004684159221650209,0.07435872241149799,0.05042775674950162,-0.009429910956106683,0.003615341924615551,0.05739177382199025,0.04204704976386384
48,2024-01-09 15:15:00,1651.9,1652.35,1648.35,1650.95,957917,2024-01-09 15:29:00,-0.000514722591032576,0.0033410854863590764,0.05303808783548041,0.05181980616105194,-0.000514722591032576,0.0036113007734329904,0.05732762253575343,0.04345527857239181
49,2024-01-10 09:15:00,1643.0,1656.0,1641.4,1652.65,2145053,2024-01-10 10:14:00,0.0010291803790139235,0.0036202917811031087,0.05747035035773947,0.053954060685280594,0.0010291803790139235,0.0036219597592915755,0.057496828690613254,0.04495962413402489
50,2024-01-10 10:15:00,1652.7,1655.75,1649.05,1652.5,918928,2024-01-10 11:14:00,-9.076743875652152e-05,0.0037422314716438225,0.059406082934452896,0.057692027796379386,-9.076743875652152e-05,0.003556703705045644,0.0564609209441568,0.046492034366537476
51,2024-01-10 11:15:00,1652.45,1655.5,1651.15,1653.5,735006,2024-01-10 12:14:00,0.0006049606960061281,0.003911658338658951,0.06209565106766195,0.06127377892136654,0.0006049606960061281,0.0035726882752933134,0.05671466813029425,0.04814212345666275
52,2024-01-10 12:15:00,1653.5,1656.8,1650.2,1656.6,1003507,2024-01-10 13:14:00,0.0018730557423161872,0.0008393718040965437,0.013324614306954488,0.04906695730045784,0.0018730557423161872,0.00356065148947752,0.056523590079175415,0.049929856023654885
53,2024-01-10 13:15:00,1656.6,1659.95,1653.8,1658.1,755476,2024-01-10 14:14:00,0.0009050593431632118,0.0006365289778538497,0.01010458426612456,0.040480256586586674,0.0009050593431632118,0.0030534464708251584,0.048471960020707264,0.05084058651178319
54,2024-01-10 14:15:00,1658.15,1659.9,1653.75,1653.9,1836382,2024-01-10 15:14:00,-0.002536233243579305,0.001484576407925662,0.023566919865869285,0.033699570488212635,-0.002536233243579305,0.0030826386339256255,0.048935371243482496,0.05185100616784558
55,2024-01-10 15:15:00,1653.9,1658.55,1653.1,1656.0,661045,2024-01-10 15:29:00,0.0012689206814573025,0.0015388824278525961,0.0244290012063916,0.026704154142600377,0.0012689206814573025,0.0031682690472340774,0.050294711913149534,0.05295982560997679
56,2024-01-11 09:15:00,1660.0,1662.9,1651.0,1654.7,2496258,2024-01-11 10:14:00,-0.0007853324474064402,0.0016050915660402003,0.025480038691377462,0.01938103166734348,-0.0007853324474064402,0.0031259665624269154,0.0496231807853105,0.053924062816463315
57,2024-01-11 10:15:00,1654.9,1655.6,1648.1,1653.6,1225377,2024-01-11 11:14:00,-0.0006649941302401853,0.001361149978415663,0.021607586039692678,0.02103762601389112,-0.0006649941302401853,0.001225104944321839,0.019447938075787305,0.05012967924184303
58,2024-01-11 11:15:00,1653.75,1657.95,1652.5,1656.2,1297860,2024-01-11 12:14:00,0.0015710922320413677,0.0015037965186239222,0.023872029664341658,0.023791115093534536,0.0015710922320413677,0.0012776074087872558,0.0202813888609483,0.04642505587436251
59,2024-01-11 12:15:00,1656.15,1658.75,1654.05,1656.8,885634,2024-01-11 13:14:00,0.0003622094817747078,0.0009648650331666094,0.01531675755900562,0.022141082632161805,0.0003622094817747078,0.0012559388562473884,0.01993741125320094,0.04266911413062128
60,2024-01-11 13:15:00,1656.8,1658.1,1643.0,1645.65,1098257,2024-01-11 14:14:00,-0.006752588149764677,0.002877301791914271,0.04567574992971408,0.0263904323768263,-0.006752588149764677,0.0024549251943666163,0.03897072930936582,0.04092009496714218
61,2024-01-11 14:15:00,1645.45,1651.5,1644.0,1648.45,1565808,2024-01-11 15:14:00,0.0017000095166150064,0.0031197782390778245,0.049524944197625605,0.03119941347807593,0.0017000095166150064,0.0025215164580844863,0.040027832849087834,0.03925141143902154
62,2024-01-11 15:15:00,1648.45,1650.7,1648.05,1649.3,585282,2024-01-11 15:29:00,0.0005155030058818805,0.0031621771366509856,0.05019800583067691,0.036917497436272775,0.0005155030058818805,0.0024356326970532524,0.03866447040900257,0.03746549947200426
63,2024-01-12 09:15:00,1652.0,1656.0,1645.0,1655.8,1518886,2024-01-12 10:14:00,0.0039333202505988756,0.00358730420914056,0.056946688887126964,0.04353242928082983,0.0039333202505988756,0.0027519571213054494,0.04368596497012458,0.036986899966945985
64,2024-01-12 10:15:00,1655.65,1655.95,1648.05,1649.3,759767,2024-01-12 11:14:00,-0.003933320250598963,0.0038878844572345687,0.061718252399976026,0.05281272824902392,-0.003933320250598963,0.0029015197157461906,0.04606019755209145,0.03669938259780688
65,2024-01-12 11:15:00,1649.25,1650.0,1643.4,1645.0,1288980,2024-01-12 12:14:00,-0.0026105712546342923,0.002859428617341347,0.04539202207935887,0.05275598267895287,-0.0026105712546342923,0.0029279178078917755,0.04647925427351417,0.03631783683384335
66,2024-01-12 12:15:00,1645.0,1646.0,1638.3,1641.75,1575259,2024-01-12 13:14:00,-0.001977638128390309,0.0027790828390718563,0.04411657239018881,0.051674308317465514,-0.001977638128390309,0.002954486553211149,0.0469010200300866,0.036045620758320955
67,2024-01-12 13:15:00,1641.8,1647.85,1640.75,1646.35,1358054,2024-01-12 14:14:00,0.002797970256973568,0.0031258853965924283,0.04962189231763245,0.05155908561485663,0.002797970256973568,0.0031451359694927516,0.049927485688571104,0.03909357551959934
68,2024-01-12 14:15:00,1646.4,1647.8,1633.6,1641.05,2308854,2024-01-12 15:14:00,-0.0032244354760603616,0.002383671217157142,0.037839607487642625,0.04773766933495976,-0.0032244354760603616,0.0031675451874852646,0.05028322099587284,0.04209375873309179
69,2024-01-12 15:15:00,1641.05,1645.0,1640.6,1644.0,1072485,2024-01-12 15:29:00,0.0017960157641301311,0.0024537920132933983,0.03895274061750498,0.043184566978465545,0.0017960157641301311,0.0032535753605775013,0.051648907655372236,0.04526490837330892
70,2024-01-15 09:15:00,1647.7,1667.9,1643.6,1665.0,3870973,2024-01-15 10:14:00,0.012692826798418879,0.005608244193068872,0.08902811655949407,0.05191178587449259,0.012692826798418879,0.004622966692656609,0.07338732112862495,0.04870656755523483
71,2024-01-15 10:15:00,1665.25,1673.0,1663.1,1670.9,1673447,2024-01-15 11:14:00,0.003537279985553552,0.0051598819469885525,0.08191058655710086,0.05947058870787499,0.003537279985553552,0.004676617907501233,0.07423900776071718,0.052127685046397775
72,2024-01-15 11:15:00,1670.85,1671.0,1663.5,1667.65,1131728,2024-01-15 12:14:00,-0.0019469536335405394,0.0056211147060224445,0.08923242961862,0.0673926961680725,-0.0019469536335405394,0.004777949062056943,0.07584758997082193,0.05584599700257971
73,2024-01-15 12:15:00,1667.65,1673.0,1667.4,1671.85,1541263,2024-01-15 13:14:00,0.002515347934984754,0.004854117154899235,0.07705672095981463,0.07523611886250692,0.002515347934984754,0.004712543943687414,0.07480931590476284,0.05895833209604353
74,2024-01-15 13:15:00,1671.8,1672.65,1666.55,1668.75,1327428,2024-01-15 14:14:00,-0.0018559545529823797,0.005339034246827612,0.08475454115017741,0.0843964789690414,-0.0018559545529823797,0.004534477342728086,0.07198259624709309,0.0615505719655437
75,2024-01-15 14:15:00,1669.3,1670.5,1664.3,1669.5,2552988,2024-01-15 15:14:00,0.00044933723514966017,0.002227978587439963,0.0353680636124587,0.07366446837963432,0.00044933723514966017,0.004369102432972033,0.06935735094126749,0.06383838163231903
76,2024-01-15 15:15:00,1669.0,1680.9,1668.8,1679.7,2051753,2024-01-15 15:29:00,0.006091025639248143,0.003011520585944943,0.04780640723137102,0.06684363251448835,0.006091025639248143,0.004401280175649302,0.0698681567705204,0.0661350953063624
77,2024-01-16 09:15:00,1673.0,1680.0,1658.1,1670.25,2752170,2024-01-16 10:14:00,-0.005641890217370569,0.003960292305660977,0.06286769135940924,0.0615706848626462,-0.005641890217370569,0.004991654532585582,0.07924005914381886,0.06906635265188718
78,2024-01-16 10:15:00,1670.25,1673.7,1667.6,1670.3,2015347,2024-01-16 11:14:00,2.9935190315217928e-05,0.003805438669952743,0.06040946610122017,0.058241233890927314,2.9935190315217928e-05,0.004778390740265684,0.07585460139502101,0.071623490691802
79,2024-01-16 11:15:00,1670.35,1675.6,1669.45,1671.65,1481899,2024-01-16 12:14:00,0.0008079115925919127,0.0037197870565745237,0.05904978889087885,0.0531002834390676,0.0008079115925919127,0.004786971438990991,0.07599081576443499,0.07405768150270828
80,2024-01-16 12:15:00,1671.65,1675.0,1668.95,1674.35,1422849,2024-01-16 13:14:00,0.001613867654529414,0.003755175592298804,0.05961156447961387,0.05794898361249863,0.001613867654529414,0.003087559450642036,0.0490134867871562,0.07162029806856139
81,2024-01-16 13:15:00,1674.3,1675.0,1669.35,1671.9,1744890,2024-01-16 14:14:00,-0.001464325999422873,0.0025651699576456975,0.04072081067126763,0.05653186430047795,-0.001464325999422873,0.0029675281600636703,0.04710804912065729,0.0689072022045554
82,2024-01-16 14:15:00,1671.95,1683.65,1670.5,1679.35,2541036,2024-01-16 15:14:00,0.004446109524840533,0.001962944043033082,0.031160770652407233,0.05019048015907755,0.004446109524840533,0.0031494027146854314,0.04999521816869617,0.06632196502434283
83,2024-01-16 15:15:00,1679.35,1680.0,1677.0,1678.8,698300,2024-01-16 15:29:00,-0.000327561309005045,0.0020061689224410597,0.03184694434059283,0.044477975806952084,-0.000327561309005045,0.003100558742269835,0.04921984414435916,0.06376301784830248
84,2024-01-17 09:15:00,1570.0,1596.8,1560.0,1581.25,30897775,2024-01-17 10:14:00,-0.05986357898360539,0.024454449135272147,0.3882023451660518,0.11030848706198668,-0.05986357898360539,0.018406461144039973,0.2921935122234192,0.08578410944593509
85,2024-01-17 10:15:00,1581.2,1581.75,1570.2,1571.1,9874019,2024-01-17 11:14:00,-0.006439662522278692,0.0238197281587155,0.3781264620307421,0.17401146657221234,-0.006439662522278692,0.01830380418053185,0.29056388344867007,0.10790476269667533
86,2024-01-17 11:15:00,1571.0,1571.35,1553.0,1565.25,8456484,2024-01-17 12:14:00,-0.0037304553281318448,0.02362180120959899,0.374984469120022,0.2408641982619632,-0.0037304553281318448,0.017883329196763696,0.28388905001122333,0.12930685202074563
87,2024-01-17 12:15:00,1564.9,1568.0,1555.55,1557.1,6765045,2024-01-17 13:14:00,-0.005220438778040926,0.022467199801645812,0.3566557399869271,0.30596319212886713,-0.005220438778040926,0.017887110614695865,0.28394907815993364,0.1497777539223571
88,2024-01-17 13:15:00,1557.05,1562.9,1548.3,1551.35,8388993,2024-01-17 14:14:00,-0.0036995972644644575,0.022060078209333162,0.3501928850671837,0.3696323802741854,-0.0036995972644644575,0.017774865532718797,0.2821672427231254,0.17040901805516756
89,2024-01-17 14:15:00,1551.6,1552.0,1528.4,1542.4,15114339,2024-01-17 15:14:00,-0.005785874726633299,0.0010989574774941454,0.017445409121306224,0.29548099306523623,-0.005785874726633299,0.01757983923570852,0.27907129623708327,0.1907170661024324
90,2024-01-17 15:15:00,1542.35,1543.25,1533.75,1542.5,5564428,2024-01-17 15:29:00,6.483192326154448e-05,0.0020412836088552146,0.03240437270630006,0.22633657520034783,6.483192326154448e-05,0.017500675722590026,0.2778146144253529,0.213597178866252
91,2024-01-18 09:15:00,1494.0,1515.0,1480.25,1505.95,27616095,2024-01-18 10:14:00,-0.023980548502062278,0.008380468210597958,0.13303580853314803,0.177946843082973,-0.023980548502062278,0.017932100628220295,0.28466327248353607,0.23735270120253996
92,2024-01-18 10:15:00,1505.95,1509.9,1500.55,1504.95,7575318,2024-01-18 11:14:00,-0.0006642532377490806,0.008838378167552882,0.14030490374692617,0.13467667583497284,-0.0006642532377490806,0.01756934808597905,0.27890475439817536,0.26024365482548784
93,2024-01-18 11:15:00,1504.95,1513.75,1499.6,1513.15,6892862,2024-01-18 12:14:00,0.00543389561440966,0.010140959465702402,0.16098274081101,0.09683464698373809,0.00543389561440966,0.01799796061092559,0.28570876729707145,0.28389254714075907
94,2024-01-18 12:15:00,1513.35,1513.45,1494.1,1496.25,7694159,2024-01-18 13:14:00,-0.01123159278195821,0.010455883603890923,0.165982006519999,0.12654196646347665,-0.01123159278195821,0.00745448086620863,0.11833621515046433,0.2665068174334636
95,2024-01-18 13:15:00,1496.15,1496.95,1480.55,1484.35,9657604,2024-01-18 14:14:00,-0.007985011896269918,0.009996094582011637,0.15868308207529766,0.15179770833727618,-0.007985011896269918,0.007487776360030445,0.118864764729054,0.24933690556150195
96,2024-01-18 14:15:00,1484.25,1488.3,1480.05,1485.15,15389722,2024-01-18 15:14:00,0.0005388112607205242,0.0060246249645126366,0.09563795639119063,0.1443181379088847,0.0005388112607205242,0.007705305692037675,0.1223179358211728,0.23317979414249695
97,2024-01-18 15:15:00,1485.2,1491.0,1484.55,1490.85,5706082,2024-01-18 15:29:00,0.0038306498454907054,0.006582988095732298,0.10450169631003792,0.13715749642150704,0.0038306498454907054,0.008173349195208415,0.12974789609406828,0.2177596759359104
98,2024-01-19 09:15:00,1505.95,1510.25,1488.65,1489.8,17109129,2024-01-19 10:14:00,-0.0007045443399483223,0.005603546565550514,0.08895354403450054,0.12275165706620514,-0.0007045443399483223,0.008246168168676326,0.13090386146120692,0.20263333780971854
99,2024-01-19 10:15:00,1489.8,1497.25,1482.6,1484.1,6815323,2024-01-19 11:14:00,-0.003833354840403331,0.004015466437972275,0.06374355355680605,0.10230396647356657,-0.003833354840403331,0.008225806619719035,0.13058063189211255,0.18778427137522147
100,2024-01-19 11:15:00,1484.15,1488.0,1482.55,1483.65,4081458,2024-01-19 12:14:00,-0.0003032600478130457,0.002457749161561536,0.03901555839881599,0.07837046173827023,-0.0003032600478130457,0.008208998482159963,0.13031381098021175,0.17303419103070736
101,2024-01-19 12:15:00,1483.65,1485.75,1480.0,1480.95,5684335,2024-01-19 13:14:00,-0.001821494128391132,0.002516768922137277,0.03995246805234791,0.06723336407050168,-0.001821494128391132,0.0047478338562177485,0.07536952589882975,0.15210481637223672
102,2024-01-19 13:15:00,1480.85,1481.95,1470.05,1470.2,6964737,2024-01-19 14:14:00,-0.0072853277855810614,0.002559983005054427,0.04063847035155493,0.05446071887880508,-0.0072853277855810614,0.005015003557118296,0.0796107134174359,0.13217541227416277
103,2024-01-19 14:15:00,1470.2,1474.8,1468.4,1470.05,10383640,2024-01-19 15:14:00,-0.00010203214021275341,0.0026672277777228647,0.042340928338908984,0.04513819573968677,-0.00010203214021275341,0.004393813046397336,0.06974961976847073,0.1105794975213027
104,2024-01-19 15:15:00,1469.95,1474.9,1469.0,1474.9,3693271,2024-01-19 15:29:00,0.0032937770656821324,0.003452872522301636,0.05481265201691072,0.043352015431707705,0.0032937770656821324,0.0037497461654825122,0.05952537500090867,0.10469841350634715
105,2024-01-20 09:15:00,1483.2,1495.7,1477.0,1483.8,4418302,2024-01-20 10:14:00,0.006016173889968859,0.004548527759106633,0.07220563969242035,0.04999003169042858,0.006016173889968859,0.003656241075154736,0.05804102770895311,0.09861603980433706
106,2024-01-20 10:15:00,1482.95,1490.25,1481.75,1489.0,1301625,2024-01-20 11:14:00,0.003498388928583495,0.00461499832042059,0.07326082714088196,0.056651703508135386,0.003498388928583495,0.0038075300411080024,0.06044266558907587,0.09242851278112735
107,2024-01-20 11:15:00,1488.7,1489.4,1479.05,1485.8,1562181,2024-01-20 12:14:00,-0.002151405966303154,0.0028858208056085316,0.04581098507961748,0.05768620645374789,-0.002151405966303154,0.0036666947061306902,0.058206973956113205,0.08527442056733184
108,2024-01-20 12:15:00,1485.9,1485.9,1476.0,1483.4,2081373,2024-01-20 13:14:00,-0.0016165974152480237,0.003167915363354055,0.050289097355613904,0.05927584025708889,-0.0016165974152480237,0.003685937972628875,0.05851245134151363,0.07803527955536252
109,2024-01-20 13:15:00,1483.25,1486.0,1481.15,1482.05,1056919,2024-01-20 14:14:00,-0.0009104858239126634,0.0032195176981067546,0.05110825902456959,0.058534961658620654,-0.0009104858239126634,0.0035165055637523005,0.05582279523398146,0.0705594958895494
110,2024-01-20 14:15:00,1482.3,1483.5,1476.0,1479.6,1922450,2024-01-20 15:14:00,-0.0016544835202462766,0.0020707480302630857,0.03287210589571787,0.05066825489928016,-0.0016544835202462766,0.0035460870409145372,0.056292386625892754,0.0631573534541175
111,2024-01-20 15:15:00,1479.6,1481.0,1477.1,1481.0,575257,2024-01-20 15:29:00,0.0009457543094999741,0.0010861180184759177,0.01724158902812121,0.039464407276728015,0.0009457543094999741,0.0035223717073627546,0.055915917376870974,0.06121199260192163
112,2024-01-23 09:15:00,1465.0,1474.7,1445.1,1447.35,19250488,2024-01-23 10:14:00,-0.022983237133296308,0.008919816315230622,0.14159769426286045,0.05862174911337661,-0.022983237133296308,0.00758081640700547,0.1203417296866481,0.06528509422884285
113,2024-01-23 10:15:00,1447.05,1449.35,1440.0,1443.55,6228533,2024-01-23 11:14:00,-0.002628940598835694,0.00884637234986115,0.1404318074568641,0.07665029113362665,-0.002628940598835694,0.007569899549720706,0.12016842994980488,0.07032697524697626
114,2024-01-23 11:15:00,1443.5,1445.45,1425.0,1427.1,7529767,2024-01-23 12:14:00,-0.011460944429321253,0.008770768191213757,0.13923162864568442,0.09427496505784962,-0.011460944429321253,0.007861851546342714,0.12480302421678849,0.07685474016856425
115,2024-01-23 12:15:00,1427.1,1436.35,1427.0,1433.6,5599475,2024-01-23 13:14:00,0.004544350114320483,0.009884755255461442,0.1569156250601383,0.1190836688907337,0.004544350114320483,0.007698241128525536,0.12220578935212675,0.08327121633288162
116,2024-01-23 13:15:00,1434.0,1440.5,1430.8,1438.05,6974373,2024-01-23 14:14:00,0.003099265970449385,0.010232606382961553,0.16243759051997056,0.14812286918910356,0.003099265970449385,0.007663110258167459,0.12164810407427441,0.08939176018140146
117,2024-01-23 14:15:00,1438.05,1438.6,1425.1,1425.65,8817517,2024-01-23 15:14:00,-0.008660179137872284,0.0062909282522531995,0.09986539002727306,0.1397764083419861,-0.008660179137872284,0.007797714396387966,0.12378487852530416,0.09594955063832056
118,2024-01-23 15:15:00,1425.7,1431.1,1425.2,1430.85,3326672,2024-01-23 15:29:00,0.003640823206083664,0.006844657964385835,0.10865557669837508,0.13342116219028827,0.003640823206083664,0.008120189419305191,0.12890401081331715,0.10298870658550092
119,2024-01-24 09:15:00,1380.25,1443.8,1380.25,1441.35,17025600,2024-01-24 10:14:00,0.0073115011320598,0.00551769956008032,0.08759076507085813,0.12309298947532302,0.0073115011320598,0.008743877693948115,0.13880475523530994,0.11128690258563376
120,2024-01-24 10:15:00,1441.4,1452.0,1439.0,1441.25,6234113,2024-01-24 11:14:00,-6.938180811771576e-05,0.005397366194834451,0.08568053211767371,0.1088459708868301,-6.938180811771576e-05,0.008777231862350647,0.13933423624399274,0.11959108754744374
121,2024-01-24 11:15:00,1441.2,1450.8,1432.25,1438.35,3967591,2024-01-24 12:14:00,-0.0020141693154689774,0.005399358011671678,0.08571215122972467,0.09350088302878093,-0.0020141693154689774,0.008701368856129769,0.1381299483549716,0.12781249064525382
122,2024-01-24 12:15:00,1438.35,1450.9,1438.15,1447.2,3463162,2024-01-24 13:14:00,0.006134031813285685,0.0035604732504107583,0.056520760621708015,0.08483195714766792,0.006134031813285685,0.005932288365278926,0.09417215832029961,0.12519553350861898
123,2024-01-24 13:15:00,1447.4,1451.0,1443.0,1444.35,2839015,2024-01-24 14:14:00,-0.0019712617266828426,0.004034720187855867,0.06404919736079058,0.07591068128015102,-0.0019712617266828426,0.005906482669326332,0.09376250559690257,0.12255494107332873
124,2024-01-24 14:15:00,1444.3,1458.45,1443.0,1455.95,7507538,2024-01-24 15:14:00,0.007999215153234063,0.004224840521694742,0.06706726409587603,0.0718059810851546,0.007999215153234063,0.004913994962339706,0.07800725168505042,0.11787536382015493
125,2024-01-24 15:15:00,1456.0,1458.25,1454.1,1456.5,1957238,2024-01-24 15:29:00,0.00037768889185250666,0.004184302540504545,0.06642374359458478,0.0679546233805368,0.00037768889185250666,0.004857029582344685,0.07710295431220772,0.11336508031616303
126,2024-01-25 09:15:00,1452.5,1457.35,1436.9,1439.0,10500856,2024-01-25 10:14:00,-0.01208786951212143,0.007095323458553038,0.11263476805736428,0.07333914674606473,-0.01208786951212143,0.006304675445534839,0.1000836199551632,0.1112086319042519
127,2024-01-25 10:15:00,1439.05,1439.5,1431.0,1433.85,4412540,2024-01-25 11:14:00,-0.0035852937094865774,0.006477800496294022,0.10283189493530859,0.08260137360878485,-0.0035852937094865774,0.005762805022411511,0.09148169366072918,0.1079783134177944
128,2024-01-25 11:15:00,1433.9,1435.8,1425.2,1427.2,4757227,2024-01-25 12:14:00,-0.004648651352136227,0.006575329560992468,0.1043801208400655,0.09066755830463984,-0.004648651352136227,0.005857393128013577,0.09298323328717588,0.10438623566518028
129,2024-01-25 12:15:00,1427.3,1428.8,1424.2,1426.25,4790805,2024-01-25 13:14:00,-0.000665860649459578,0.0043866294967071515,0.06963558445240531,0.09118122237594568,-0.000665860649459578,0.005288070478279896,0.08394551640546596,0.0989003117821959
130,2024-01-25 13:15:00,1426.25,1429.9,1419.4,1428.0,6094739,2024-01-25 14:14:00,0.0012262417232442935,0.004570012430896345,0.07254669828375289,0.09240581331377931,0.0012262417232442935,0.005326320212885345,0.08455271211834738,0.09342215936963136
131,2024-01-25 14:15:00,1428.0,1436.6,1424.4,1435.75,12158105,2024-01-25 15:14:00,0.005412496844876186,0.003596775409060829,0.05709703952476541,0.08129826760725954,0.005412496844876186,0.005631500767500465,0.08939730323325364,0.08854889485745955
132,2024-01-25 15:15:00,1435.95,1443.3,1435.15,1441.0,6752538,2024-01-25 15:29:00,0.0036499562551162382,0.0034993085709458783,0.0555498014363977,0.07184184890747736,0.0036499562551162382,0.005397387434871062,0.08568086929280196,0.08769976595470978
133,2024-01-29 09:15:00,1448.05,1462.8,1446.0,1451.95,9770725,2024-01-29 10:14:00,0.007570163530604086,0.002924102727193298,0.046418691744955276,0.060249563088455305,0.007570163530604086,0.005863688664943804,0.09308317183769789,0.08763183257878933
134,2024-01-29 10:15:00,1451.9,1456.05,1451.0,1452.95,4785652,2024-01-29 11:14:00,0.0006884918857803285,0.002572995464376874,0.04084503673943016,0.05449145354586029,0.0006884918857803285,0.005316425685915952,0.08439564137213758,0.08827067154749804
135,2024-01-29 11:15:00,1452.95,1455.0,1445.8,1454.2,3217207,2024-01-29 12:14:00,0.0008599488000498552,0.00264681101051806,0.04201682220731011,0.04838547833057173,0.0008599488000498552,0.005323686426292315,0.08451090205235795,0.08901146632151306
136,2024-01-29 12:15:00,1454.8,1460.45,1452.6,1460.0,3892323,2024-01-29 13:14:00,0.003980514486425586,0.002513216375360689,0.03989607312059725,0.0449452850497381,0.003980514486425586,0.0036387332924084454,0.057763100274024114,0.08477941435339915
137,2024-01-29 13:15:00,1460.1,1460.55,1450.25,1451.5,3430058,2024-01-29 14:14:00,-0.0058389312376975295,0.004425301301943719,0.07024948032884061,0.04788522082822668,-0.0058389312376975295,0.003995808330756393,0.06343149077916924,0.08197439406524315
138,2024-01-29 14:15:00,1451.5,1456.4,1448.45,1455.9,5801150,2024-01-29 15:14:00,0.003026761614595671,0.0034303424819766113,0.05445499871454109,0.04949248222214385,0.003026761614595671,0.003500631419479638,0.055570801005852904,0.07823315083711087
139,2024-01-29 15:15:00,1455.75,1458.25,1455.0,1456.75,1917306,2024-01-29 15:29:00,0.0005836609439032744,0.0034297116528607284,0.054444984612778656,0.05221247179681354,0.0005836609439032744,0.0034250521427169295,0.05437101718234741,0.075275700914799
140,2024-01-30 09:15:00,1454.55,1463.2,1445.65,1450.05,6889635,2024-01-30 10:14:00,-0.00460988844445946,0.003976358444128323,0.0631227334008916,0.05643365403552984,-0.00460988844445946,0.003979307407644202,0.0631695467454221,0.07313738437750647
141,2024-01-30 10:15:00,1449.4,1450.75,1443.1,1444.5,1926481,2024-01-30 11:14:00,-0.0038347976724341154,0.003369521960023068,0.05348950286035177,0.05915233998348075,-0.0038347976724341154,0.004044103878349123,0.06419815882934153,0.07061746993711528
142,2024-01-30 11:15:00,1444.5,1448.3,1443.4,1445.6,1585621,2024-01-30 12:14:00,0.0007612193717286688,0.002923019253117656,0.046401492127218474,0.05438274234315632,0.0007612193717286688,0.003917663586920245,0.062190981428425475,0.06826848115067762
143,2024-01-30 12:15:00,1445.6,1446.0,1441.2,1444.75,1890233,2024-01-30 13:14:00,-0.0005881640801313653,0.0022539663038259918,0.035780605820658166,0.05064786376437973,-0.0005881640801313653,0.003083244423803167,0.04894498785965891,0.06385466275287371
144,2024-01-30 13:15:00,1444.7,1445.45,1440.9,1444.0,1906310,2024-01-30 14:14:00,-0.0005192557451158431,0.0020830662863184895,0.03306765214836955,0.04637239727149791,-0.0005192557451158431,0.0030579881387472418,0.04854405676386289,0.060269504292046264
145,2024-01-30 14:15:00,1445.1,1446.6,1441.35,1445.25,5363774,2024-01-30 15:14:00,0.0008652765098139022,0.001700034888211581,0.02698721720604801,0.03914529403252919,0.0008652765098139022,0.0030582460192028027,0.04854815048918328,0.05667322913572879
146,2024-01-30 15:15:00,1445.2,1446.95,1444.0,1444.7,1298714,2024-01-30 15:29:00,-0.0003806294272497658,0.0006457193123009881,0.010250476302600392,0.030497488720978915,-0.0003806294272497658,0.002655980372242191,0.04216238131212958,0.055113157239539336
147,2024-01-31 09:15:00,1439.5,1466.65,1436.8,1466.2,9384652,2024-01-31 10:14:00,0.014772332254150497,0.005994813409383472,0.09516471262478346,0.04025013282049191,0.014772332254150497,0.005055842910841138,0.08025901805936735,0.05679590996755914
148,2024-01-31 10:15:00,1466.25,1472.6,1462.35,1469.9,4684697,2024-01-31 11:14:00,0.0025203514584557973,0.005764875532787352,0.0915145619939779,0.051396924055155856,0.0025203514584557973,0.00503786944857395,0.07997369819122065,0.059236199686095926
149,2024-01-31 11:15:00,1469.5,1474.95,1467.0,1468.0,2914595,2024-01-31 12:14:00,-0.0012934410734811263,0.005878721283403117,0.09332180725768266,0.06344775507701848,-0.0012934410734811263,0.005083051023423296,0.08069093345658238,0.061868191313519415
150,2024-01-31 12:15:00,1468.05,1471.95,1464.6,1470.05,3153353,2024-01-31 13:14:00,0.0013954836253136833,0.005838549761440424,0.09268410411628113,0.0765871324590651,0.0013954836253136833,0.0047563017305916515,0.07550394923718987,0.06310163156269619
151,2024-01-31 13:15:00,1470.05,1472.75,1468.2,1471.35,3056441,2024-01-31 14:14:00,0.000883932878659773,0.005694801091878457,0.09040216473053694,0.09261747014465241,0.000883932878659773,0.0044401046782389575,0.07048447664228846,0.06373026334399087
152,2024-01-31 14:15:00,1471.35,1472.8,1461.8,1461.95,6474161,2024-01-31 15:14:00,-0.006409185679936653,0.00316689805377512,0.050272948066700546,0.08363911723303583,-0.006409185679936653,0.005088355849170119,0.08077514495463013,0.06558867969661135
153,2024-01-31 15:15:00,1461.95,1462.6,1459.45,1462.45,3208838,2024-01-31 15:29:00,0.0003419504889016905,0.0028436755356054597,0.045141949659422684,0.0743645947661248,0.0003419504889016905,0.005064642043418803,0.08039869995868887,0.06873405090651434
